电影名称,评分,评价人数,上映年份,电影类型,导演/主演,剧情简介
肖申克的救赎,9.7,3239480,1994,"犯罪, 剧情",弗兰克·德拉邦特 Frank Darabont / 蒂姆·罗宾斯 Tim Robbins /...,希望让人自由。
霸王别姬,9.6,2390803,1993,"剧情, 爱情, 同性",陈凯歌 Kaige Chen / 张国荣 Leslie Cheung / 张丰毅 Fengyi Zha...,风华绝代。
泰坦尼克号,9.5,2461313,1997,"剧情, 爱情, 灾难",詹姆斯·卡梅隆 James Cameron / 莱昂纳多·迪卡普里奥 Leonardo...,失去的才是永恒的。
阿甘正传,9.5,2400033,1994,"剧情, 爱情",罗伯特·泽米吉斯 Robert Zemeckis / 汤姆·汉克斯 Tom Hanks / ...,一部美国近现代史。
千与千寻,9.4,2501511,2001,"剧情, 动画, 奇幻",宫崎骏 Hayao Miyazaki / 柊瑠美 Rumi Hîragi / 入野自由 Miy...,最好的宫崎骏，最好的久石让。
美丽人生,9.5,1463141,1997,"剧情, 喜剧, 爱情, 战争",罗伯托·贝尼尼 Roberto Benigni / 罗伯托·贝尼尼 Roberto Beni...,最美的谎言。
星际穿越,9.4,2141583,2014,"剧情, 科幻, 冒险",克里斯托弗·诺兰 Christopher Nolan / 马修·麦康纳 Matthew Mc...,爱是一种力量，让我们超越时空感知它的存在。
这个杀手不太冷,9.4,2524323,1994,"剧情, 动作, 犯罪",吕克·贝松 Luc Besson / 让·雷诺 Jean Reno / 娜塔莉·波特曼 ...,怪蜀黍和小萝莉不得不说的故事。
盗梦空间,9.4,2294814,2010,"剧情, 科幻, 悬疑, 冒险",克里斯托弗·诺兰 Christopher Nolan / 莱昂纳多·迪卡普里奥 Le...,诺兰给了我们一场无法盗取的梦。
楚门的世界,9.4,1984158,1998,"剧情, 科幻",彼得·威尔 Peter Weir / 金·凯瑞 Jim Carrey / 劳拉·琳妮 Lau...,如果再也不能见到你，祝你早安，午安，晚安。
辛德勒的名单,9.5,1232821,1993,"剧情, 历史, 战争",史蒂文·斯皮尔伯格 Steven Spielberg / 连姆·尼森 Liam Neeson...,拯救一个人，就是拯救整个世界。
忠犬八公的故事,9.4,1525766,2009,剧情,莱塞·霍尔斯道姆 Lasse Hallström / 理查·基尔 Richard Ger...,永远都不能忘记你所爱的人。
海上钢琴师,9.3,1856954,1998,"剧情, 音乐",朱塞佩·托纳多雷 Giuseppe Tornatore / 蒂姆·罗斯 Tim Roth / ...,每个人都要走一条自己坚定了的路，就算是粉身碎骨。
疯狂动物城,9.3,2269459,2016,"喜剧, 动画, 冒险",拜伦·霍华德 Byron Howard / 瑞奇·摩尔 Rich Moore / 金妮弗·...,迪士尼给我们营造的乌托邦就是这样，永远善良勇敢，永远出乎意料。
三傻大闹宝莱坞,9.2,2052035,2009,"剧情, 喜剧, 爱情, 歌舞",拉库马·希拉尼 Rajkumar Hirani / 阿米尔·汗 Aamir Khan / 卡...,英俊版憨豆，高情商版谢耳朵。
机器人总动员,9.3,1468978,2008,"科幻, 动画, 冒险",安德鲁·斯坦顿 Andrew Stanton / 本·贝尔特 Ben Burtt / 艾丽...,小瓦力，大人生。
放牛班的春天,9.3,1454812,2004,"剧情, 音乐",克里斯托夫·巴拉蒂 Christophe Barratier / 让-巴蒂斯特·莫尼...,天籁一般的童声，是最接近上帝的存在。
无间道,9.3,1541701,2002,"剧情, 犯罪, 惊悚",刘伟强 / 麦兆辉 / 刘德华 Andy Lau / 梁朝伟 Tony Leung Chiu W...,香港电影史上永不过时的杰作。
控方证人,9.6,715906,1957,"剧情, 犯罪, 悬疑, 惊悚",比利·怀尔德 Billy Wilder / 泰隆·鲍华 Tyrone Power / 玛琳·...,比利·怀德满分作品。
大话西游之大圣娶亲,9.2,1689594,1995,"喜剧, 爱情, 奇幻, 古装",刘镇伟 Jeffrey Lau / 周星驰 Stephen Chow / 吴孟达 Man Tat Ng...,一生所爱。
熔炉,9.3,1024911,2011,剧情,黄东赫 Dong-hyuk Hwang / 孔侑 Yoo Gong / 郑有美 Yu-mi Jung /...,我们一路奋战不是为了改变世界，而是为了不让世界改变我们。
寻梦环游记,9.1,1950218,2017,"喜剧, 动画, 奇幻, 音乐",李·昂克里奇 Lee Unkrich / 阿德里安·莫利纳 Adrian Molina / ...,死亡不是真的逝去，遗忘才是永恒的消亡。
触不可及,9.3,1275948,2011,"剧情, 喜剧",,满满温情的高雅喜剧。
教父,9.3,1090186,1972,"剧情, 犯罪",弗朗西斯·福特·科波拉 Francis Ford Coppola / 马龙·白兰度 M...,千万不要记恨你的对手，这样会让你失去理智。
当幸福来敲门,9.1,1667848,2006,"剧情, 传记, 家庭",加布里尔·穆奇诺 Gabriele Muccino / 威尔·史密斯 Will Smith ...,平民励志片。
末代皇帝,9.3,1013645,1987,"剧情, 传记, 历史",贝纳尔多·贝托鲁奇 Bernardo Bertolucci / 尊龙 John Lone / 陈...,“不要跟我比惨，我比你更惨”再适合这部电影不过了。
哈利·波特与魔法石,9.2,1398258,2001,"奇幻, 冒险",Chris Columbus / Daniel Radcliffe / Emma Watson / Rupert Grint,童话世界的开端。
龙猫,9.2,1394951,1988,"动画, 奇幻, 冒险",宫崎骏 Hayao Miyazaki / 日高法子 Noriko Hidaka / 坂本千夏 Ch...,人人心中都有个龙猫，童年就永远不会消失。
活着,9.3,956782,1994,"剧情, 历史, 家庭",张艺谋 Yimou Zhang / 葛优 You Ge / 巩俐 Li Gong / 姜武 Wu Jiang,张艺谋最好的电影。
怦然心动,9.1,2026498,2010,"剧情, 喜剧, 爱情",罗伯·莱纳 Rob Reiner / 玛德琳·卡罗尔 Madeline Carroll / 卡...,真正的幸福是来自内心深处。
蝙蝠侠：黑暗骑士,9.2,1178488,2008,"剧情, 动作, 科幻, 犯罪, 惊悚",克里斯托弗·诺兰 Christopher Nolan / 克里斯蒂安·贝尔 Christ...,无尽的黑暗。
指环王3：王者无敌,9.3,898042,2003,"剧情, 动作, 奇幻, 冒险",彼得·杰克逊 Peter Jackson / 伊利亚·伍德 Elijah Wood / 西恩...,史诗的终章。
我不是药神,9.0,2325211,2018,"剧情, 喜剧",文牧野 Muye Wen / 徐峥 Zheng Xu / 王传君 Chuanjun Wang / 周...,对我们国家而言，这样的电影多一部是一部。
乱世佳人,9.3,781987,1939,"剧情, 历史, 爱情, 战争",维克多·弗莱明 Victor Fleming / 乔治·库克 George Cukor / 费...,Tomorrow is another day.
飞屋环游记,9.1,1479182,2009,"剧情, 喜剧, 动画, 冒险",彼特·道格特 Pete Docter / 鲍勃·彼德森 Bob Peterson / 爱德...,最后那些最无聊的事情，才是最值得怀念的。
让子弹飞,9.0,1897933,2010,"剧情, 喜剧, 动作, 西部",姜文 Wen Jiang / 姜文 Wen Jiang / 葛优 You Ge / 周润发 Yun-F...,你给我翻译翻译，神马叫做TMD的惊喜。
哈尔的移动城堡,9.1,1269395,2004,"爱情, 动画, 奇幻, 冒险",宫崎骏 Hayao Miyazaki / 倍赏千惠子 Chieko Baishô / 木村拓...,带着心爱的人在天空飞翔。
十二怒汉,9.4,568868,1957,剧情,西德尼·吕美特 Sidney Lumet / 亨利·方达 Henry Fonda / 马丁...,1957年的理想主义。
海蒂和爷爷,9.3,761559,2015,"剧情, 冒险, 家庭",阿兰·葛斯彭纳 Alain Gsponer / 阿努克·斯特芬 Anuk Steffen /...,如果生活中有什么使你感到快乐，那就去做吧！不要管别人说什么。
素媛,9.3,766756,2013,剧情,李濬益 Jun-ik Lee / 薛景求 Kyung-gu Sol / 严志媛 Ji-won Uhm ...,受过伤害的人总是笑得最开心，因为他们不愿意让身边的人承受一样的痛苦。
猫鼠游戏,9.1,1190162,2002,"传记, 犯罪, 剧情",史蒂文·斯皮尔伯格 Steven Spielberg / 莱昂纳多·迪卡普里奥 L...,骗子大师和执著警探的你追我跑故事。
天空之城,9.2,996519,1986,"动画, 奇幻, 冒险",宫崎骏 Hayao Miyazaki / 田中真弓 Mayumi Tanaka / 横泽启子 Ke...,对天空的追逐，永不停止。
鬼子来了,9.3,705974,2000,"剧情, 喜剧",姜文 Wen Jiang / 姜文 Wen Jiang / 香川照之 Teruyuki Kagawa /...,对敌人的仁慈，就是对自己残忍。
摔跤吧！爸爸,9.0,1725310,2016,"剧情, 传记, 运动, 家庭",涅提·蒂瓦里 Nitesh Tiwari / 阿米尔·汗 Aamir Khan / 法缇玛...,你不是在为你一个人战斗，你要让千千万万的女性看到女生并不是只能相夫教子。
少年派的奇幻漂流,9.1,1474727,2012,"剧情, 奇幻, 冒险",李安 Ang Lee / 苏拉·沙玛 Suraj Sharma / 伊尔凡·可汗 Irrfan...,瑰丽壮观、无人能及的冒险之旅。
钢琴家,9.3,739024,2002,"剧情, 传记, 战争, 音乐",罗曼·波兰斯基 Roman Polanski / 艾德里安·布洛迪 Adrien Brod...,
指环王2：双塔奇兵,9.2,845395,2002,"剧情, 动作, 奇幻, 冒险",彼得·杰克逊 Peter Jackson / 伊利亚·伍德 Elijah Wood / 西恩...,承前启后的史诗篇章。
死亡诗社,9.2,864030,1989,剧情,彼得·威尔 Peter Weir / 罗宾·威廉姆斯 Robin Williams / 罗伯...,当一个死水般的体制内出现一个活跃的变数时，所有的腐臭都站在了光明的对面。
大话西游之月光宝盒,9.0,1348921,1995,"喜剧, 爱情, 奇幻, 古装",刘镇伟 Jeffrey Lau / 周星驰 Stephen Chow / 吴孟达 Man Tat Ng...,
何以为家,9.1,1151369,2018,剧情,娜丁·拉巴基 Nadine Labaki / 扎因·拉费阿 Zain al-Rafeea / ...,凝视卑弱生命，用电影改变命运。
绿皮书,8.9,1866559,2018,"剧情, 喜剧, 传记, 音乐",彼得·法雷里 Peter Farrelly / 维果·莫腾森 Viggo Mortensen /...,去除成见，需要勇气。
闻香识女人,9.1,1008907,1992,剧情,马丁·布莱斯 Martin Brest / 阿尔·帕西诺 Al Pacino / 克里斯...,
大闹天宫,9.4,502279,0,未知,万籁鸣 Laiming Wan / 邱岳峰 Yuefeng Qiu / 富润生 Runsheng Fu...,
黑客帝国,9.1,937043,1999,"动作, 科幻",,
指环王1：护戒使者,9.1,947023,2001,"剧情, 动作, 奇幻, 冒险",彼得·杰克逊 Peter Jackson / 伊利亚·伍德 Elijah Wood / 西恩...,
罗马假日,9.1,1037409,1953,"喜剧, 剧情, 爱情",威廉·惠勒 William Wyler / 奥黛丽·赫本 Audrey Hepburn / 格...,
教父2,9.3,629589,1974,"剧情, 犯罪",弗朗西斯·福特·科波拉 Francis Ford Coppola / 阿尔·帕西诺 A...,
狮子王,9.1,948413,1994,"动画, 冒险, 歌舞",Roger Allers / 罗伯·明可夫 Rob Minkoff / 乔纳森·泰勒·托马...,
天堂电影院,9.2,733605,1988,"剧情, 爱情",朱塞佩·托纳多雷 Giuseppe Tornatore / 菲利普·努瓦雷 Philipp...,
饮食男女,9.2,713196,1994,"剧情, 家庭",李安 Ang Lee / 郎雄 Sihung Lung / 杨贵媚 Kuei-Mei Yang / 吴...,
辩护人,9.2,651606,2013,剧情,杨宇硕 Woo-seok Yang / 宋康昊 Kang-ho Song / 金英爱 Yeong-ae...,电影的现实意义大过电影本身。
本杰明·巴顿奇事,9.0,1092456,2008,"剧情, 爱情, 奇幻",大卫·芬奇 David Fincher / 布拉德·皮特 Brad Pitt / 凯特·布...,在时间之河里感受溺水之苦。
搏击俱乐部,9.0,959090,1999,"剧情, 动作, 悬疑, 惊悚",大卫·芬奇 David Fincher / 爱德华·诺顿 Edward Norton / 布拉...,
美丽心灵,9.1,845541,2001,"传记, 剧情",朗·霍华德 Ron Howard / 罗素·克劳 Russell Crowe / 艾德·哈...,
穿条纹睡衣的男孩,9.2,634266,2008,"剧情, 战争",马克·赫尔曼 Mark Herman / 阿萨·巴特菲尔德 Asa Butterfield ...,尽管有些不切实际的幻想，这部电影依旧是一部感人肺腑的佳作。
情书,8.9,1305884,1995,"剧情, 爱情",岩井俊二 Shunji Iwai / 中山美穗 Miho Nakayama / 丰川悦司 Ets...,
哈利·波特与死亡圣器(下),9.0,957657,2011,"奇幻, 冒险",大卫·叶茨 David Yates / 丹尼尔·雷德克里夫 Daniel Radcliffe...,10年的完美句点。
两杆大烟枪,9.1,668117,1998,"剧情, 喜剧, 犯罪",盖·里奇 Guy Ritchie / 杰森·弗莱明 Jason Flemyng / 德克斯特...,
窃听风暴,9.2,625420,2006,"剧情, 悬疑",,别样人生。
音乐之声,9.1,675894,1965,"剧情, 传记, 爱情, 歌舞",罗伯特·怀斯 Robert Wise / 朱莉·安德鲁斯 Julie Andrews / 克...,
功夫,8.9,1315879,2004,"动作, 喜剧, 犯罪, 奇幻",周星驰 Stephen Chow / 周星驰 Stephen Chow / 元秋 Qiu Yuen / ...,警恶惩奸，维护世界和平这个任务就交给你了，好吗？
西西里的美丽传说,8.9,1082599,2000,"剧情, 战争, 情色",朱塞佩·托纳多雷 Giuseppe Tornatore / 莫妮卡·贝鲁奇 Monica ...,
哈利·波特与阿兹卡班的囚徒,9.0,877235,2004,"奇幻, 冒险",阿方索·卡隆 Alfonso Cuarón / 丹尼尔·雷德克里夫 Daniel Rad...,不一样的导演，不一样的哈利·波特。
阿凡达,8.8,1558013,2009,"动作, 科幻, 冒险",詹姆斯·卡梅隆 James Cameron / 萨姆·沃辛顿 Sam Worthington ...,绝对意义上的美轮美奂。
看不见的客人,8.8,1423444,2016,"剧情, 犯罪, 悬疑, 惊悚",奥里奥尔·保罗 Oriol Paulo / 马里奥·卡萨斯 Mario Casas / 阿...,你以为你以为的就是你以为的。
拯救大兵瑞恩,9.1,716978,1998,"剧情, 战争",史蒂文·斯皮尔伯格 Steven Spielberg / 汤姆·汉克斯 Tom Hanks...,
沉默的羔羊,8.9,1003385,1991,"剧情, 犯罪, 惊悚",乔纳森·戴米 Jonathan Demme / 朱迪·福斯特 Jodie Foster / 安...,
小鞋子,9.2,457774,1997,"剧情, 儿童, 家庭",马基德·马基迪 Majid Majidi / 默罕默德·阿米尔·纳吉 Mohamma...,
布达佩斯大饭店,8.9,1070833,2014,"剧情, 喜剧, 冒险",韦斯·安德森 Wes Anderson / 拉尔夫·费因斯 Ralph Fiennes / ...,小清新的故事里注入了大历史的情怀。
飞越疯人院,9.1,597543,1975,剧情,米洛斯·福尔曼 Miloš Forman / 杰克·尼科尔森 Jack Nichols...,
蝴蝶效应,8.9,1054996,2004,"剧情, 悬疑, 科幻, 惊悚",,人的命运被自己瞬间的抉择改变。
禁闭岛,8.9,1099480,2010,"剧情, 悬疑, 惊悚",Martin Scorsese / 莱昂纳多·迪卡普里奥 Leonardo DiCaprio / ...,昔日翩翩少年，今日大腹便便。
心灵捕手,9.0,805856,1997,剧情,格斯·范·桑特 Gus Van Sant / 马特·达蒙 Matt Damon / 罗宾·...,
致命魔术,8.9,953717,2006,"剧情, 悬疑, 惊悚",克里斯托弗·诺兰 Christopher Nolan / 休·杰克曼 Hugh Jackman...,孪生蝙蝠侠大战克隆金刚狼。
低俗小说,8.9,946667,1994,"剧情, 喜剧, 犯罪",昆汀·塔伦蒂诺 Quentin Tarantino / 约翰·特拉沃尔塔 John Tra...,
还有明天,9.3,344081,2023,"剧情, 喜剧, 历史",宝拉·柯特莱西 Paola Cortellesi / 宝拉·柯特莱西 Paola Corte...,
超脱,9.0,712758,2011,剧情,托尼·凯耶 Tony Kaye / 艾德里安·布洛迪 Adrien Brody / 马西...,穷尽一生，我们要学会的，不过是彼此拥抱。
哈利·波特与密室,8.9,902835,2002,"奇幻, 冒险",Chris Columbus / 丹尼尔·雷德克里夫 Daniel Radcliffe / 艾玛...,
一一,9.1,494959,2000,"剧情, 爱情, 家庭",杨德昌 Edward Yang / 吴念真 / 李凯莉 Kelly Lee / 金燕玲 Elai...,
喜剧之王,8.8,1082282,1999,"喜剧, 剧情, 爱情",周星驰 Stephen Chow / 李力持 Lik-Chi Lee / 周星驰 Stephen Ch...,
摩登时代,9.3,342126,1936,"剧情, 喜剧, 爱情",查理·卓别林 Charles Chaplin / 查理·卓别林 Charles Chaplin ...,
杀人回忆,8.9,825459,2003,"剧情, 动作, 犯罪, 悬疑, 惊悚",奉俊昊 Joon-ho Bong / 宋康昊 Kang-ho Song / 金相庆 Sang-kyun...,
致命ID,8.9,935410,2003,"剧情, 悬疑, 惊悚",詹姆斯·曼高德 James Mangold / 约翰·库萨克 John Cusack / 雷...,
春光乍泄,9.0,703248,1997,"剧情, 爱情, 同性",王家卫 Kar Wai Wong / 张国荣 Leslie Cheung / 梁朝伟 Tony Leu...,
加勒比海盗,8.8,957902,2003,"动作, 冒险, 奇幻",戈尔·维宾斯基 Gore Verbinski / 约翰尼·德普 Johnny Depp / ...,
海豚湾,9.3,379892,2009,纪录片,路易·西霍尤斯 Louie Psihoyos / 路易·西霍尤斯 Louie Psihoyo...,海豚的微笑，是世界上最高明的伪装。
美国往事,9.1,465972,1984,"犯罪, 剧情",赛尔乔·莱翁内 Sergio Leone / 罗伯特·德尼罗 Robert De Niro ...,
红辣椒,9.0,560184,2006,"动画, 悬疑, 科幻, 惊悚",今敏 Satoshi Kon / 林原惠美 Megumi Hayashibara / 江守彻 Toru...,梦的勾结。
七宗罪,8.8,1050085,1995,"剧情, 犯罪, 悬疑, 惊悚",大卫·芬奇 David Fincher / 摩根·弗里曼 Morgan Freeman / 布...,
唐伯虎点秋香,8.8,1211193,1993,"喜剧, 爱情, 古装",李力持 Lik-Chi Lee / 周星驰 Stephen Chow / 巩俐 Li Gong / 陈...,
狩猎,9.1,462817,2012,剧情,托马斯·温特伯格 Thomas Vinterberg / 麦斯·米科尔森 Mads Mik...,人言可畏。
幽灵公主,8.9,661226,1997,"动画, 奇幻, 冒险",宫崎骏 Hayao Miyazaki / 松田洋治 Yôji Matsuda / 石田百合...,
甜蜜蜜,8.9,663032,1996,"剧情, 爱情",陈可辛 Peter Chan / 黎明 Leon Lai / 张曼玉 Maggie Cheung / ...,
寄生虫,8.8,1532083,2019,剧情,奉俊昊 Joon-ho Bong / 宋康昊 Kang-ho Song / 李善均 Seon-gyun...,
蝙蝠侠：黑暗骑士崛起,8.9,805655,2012,"剧情, 动作, 科幻, 犯罪, 惊悚",克里斯托弗·诺兰 Christopher Nolan / 克里斯蒂安·贝尔 Christ...,诺兰就是保证。
天书奇谭,9.2,328808,0,未知,王树忱 Shuchen Wang / 钱运达 Yunda Qian / 丁建华 Jianhua Din...,
7号房的礼物,8.9,616344,2013,"剧情, 喜剧, 家庭",李焕庆 Hwan-kyeong Lee / 柳承龙 Seung-yong Ryoo / 朴信惠 Shi...,《我是山姆》的《美丽人生》。
超能陆战队,8.8,1133130,2014,"喜剧, 动作, 科幻, 动画, 冒险",唐·霍尔 Don Hall / 克里斯·威廉姆斯 Chris Williams / 斯科特...,Balalala~~~
爱在黎明破晓前,8.8,789364,1995,"剧情, 爱情",理查德·林克莱特 Richard Linklater / 伊桑·霍克 Ethan Hawke ...,
第六感,8.9,629678,1999,"剧情, 悬疑, 惊悚",M·奈特·沙马兰 M. Night Shyamalan / 布鲁斯·威利斯 Bruce Wi...,
爱在日落黄昏时,8.9,645151,2004,"剧情, 爱情",理查德·林克莱特 Richard Linklater / 伊桑·霍克 Ethan Hawke ...,九年后的重逢是世俗和责任的交叠，没了悸动和青涩，沧桑而温暖。
被嫌弃的松子的一生,8.8,768701,2006,"剧情, 歌舞",中岛哲也 Tetsuya Nakashima / 中谷美纪 Miki Nakatani / 瑛太 E...,以戏谑来戏谑戏谑。
茶馆,9.6,203074,0,未知,谢添 Tian Xie / 于是之 Shizhi Yu / 郑榕 Rong Zhen / 蓝天野 T...,
重庆森林,8.8,914126,1994,"剧情, 爱情",王家卫 Kar Wai Wong / 林青霞 Brigitte Lin / 金城武 Takeshi K...,
哈利·波特与火焰杯,8.8,790257,2005,"悬疑, 奇幻, 冒险",迈克·内威尔 Mike Newell / 丹尼尔·雷德克里夫 Daniel Radclif...,
未麻的部屋,9.1,418281,1997,"剧情, 犯罪, 动画, 悬疑, 惊悚",今敏 Satoshi Kon / 岩男润子 Junko Iwao / 松本梨香 Rica Matsu...,
头脑特工队,8.8,792599,2015,"喜剧, 动画, 冒险",,愿我们都不用长大，每一座城堡都能永远存在。
借东西的小人阿莉埃蒂,8.9,621566,2010,"动画, 奇幻, 冒险",米林宏昌 Hiromasa Yonebayashi / 志田未来 Mirai Shida / 神木...,曾经的那段美好会沉淀为一辈子的记忆。
入殓师,8.9,738118,2008,剧情,泷田洋二郎 Yôjirô Takita / 本木雅弘 Masahiro Motoki / ...,死可能是一道门，逝去并不是终结，而是超越，走向下一程。
菊次郎的夏天,8.9,667910,1999,"剧情, 喜剧",北野武 Takeshi Kitano / 北野武 Takeshi Kitano / 关口雄介 Yus...,
剪刀手爱德华,8.7,1113398,1990,"剧情, 爱情, 奇幻",蒂姆·波顿 Tim Burton / 约翰尼·德普 Johnny Depp / 薇诺娜·...,
断背山,8.8,775165,2005,"剧情, 爱情, 同性, 家庭",李安 Ang Lee / 希斯·莱杰 Heath Ledger / 杰克·吉伦哈尔 Jake...,每个人心中都有一座断背山。
勇敢的心,8.9,601668,1995,"动作, 传记, 剧情, 历史, 战争",梅尔·吉布森 Mel Gibson / 梅尔·吉布森 Mel Gibson / 苏菲·玛...,
时空恋旅人,8.8,781572,2013,"喜剧, 爱情, 奇幻",理查德·柯蒂斯 Richard Curtis / 多姆纳尔·格里森 Domhnall Gl...,把每天当作最后一天般珍惜度过，积极拥抱生活，就是幸福。
消失的爱人,8.7,1063221,2014,"剧情, 犯罪, 悬疑, 惊悚",大卫·芬奇 David Fincher / 本·阿弗莱克 Ben Affleck / 罗莎蒙...,年度最佳date movie。
倩女幽魂,8.8,829097,1987,"爱情, 奇幻, 武侠, 古装",程小东 Siu-Tung Ching / 张国荣 Leslie Cheung / 王祖贤 Joey W...,
无人知晓,9.1,368455,2004,剧情,是枝裕和 Hirokazu Koreeda / 柳乐优弥 Yûya Yagira / 北浦爱...,我的平常生活就是他人的幸福。
驯龙高手,8.8,855100,2010,"动画, 奇幻, 冒险",迪恩·德布洛斯 Dean DeBlois / 克里斯·桑德斯 Chris Sanders / ...,和谐的生活离不开摸头与被摸头。
花样年华,8.8,794186,2000,"剧情, 爱情",王家卫 Kar Wai Wong / 张曼玉 Maggie Cheung / 梁朝伟 Tony Leu...,
傲慢与偏见,8.7,919271,2005,"剧情, 爱情",乔·怀特 Joe Wright / 凯拉·奈特莉 Keira Knightley / 马修·...,爱是摈弃傲慢与偏见之后的曙光。
新世界,8.9,519911,2013,"剧情, 犯罪",朴勋政 Hoon-jung Park / 李政宰 Jung-Jae Lee / 崔岷植 Min-sik...,要做就做得狠一点，这样才能活下去。
完美的世界,9.1,357037,1993,"剧情, 犯罪",克林特·伊斯特伍德 Clint Eastwood / 凯文·科斯特纳 Kevin Cos...,
阳光灿烂的日子,8.8,689421,1994,"剧情, 爱情",姜文 Wen Jiang / 夏雨 Yu Xia / 宁静 Jing Ning / 陶虹 Hong Tao,
一个叫欧维的男人决定去死,8.9,561457,2015,剧情,汉内斯·赫尔姆 Hannes Holm / 罗夫·拉斯加德 Rolf Lassgård...,惠及一生的美丽。
玩具总动员3,8.9,585893,2010,"喜剧, 动画, 奇幻, 冒险",李·昂克里奇 Lee Unkrich / 汤姆·汉克斯 Tom Hanks / 蒂姆·艾...,跨度十五年的欢乐与泪水。
小森林 夏秋篇,9.0,469617,2014,剧情,森淳一 Junichi Mori / 桥本爱 Ai Hashimoto / 三浦贵大 Takahir...,那些静得只能听见呼吸的日子里，你明白孤独即生活。
天使爱美丽,8.7,1015394,2001,"剧情, 喜剧, 爱情",让-皮埃尔·热内 Jean-Pierre Jeunet / 奥黛丽·塔图 Audrey Tau...,
怪兽电力公司,8.8,762360,2001,"儿童, 喜剧, 动画, 奇幻, 冒险",彼特·道格特 Pete Docter / 大卫·斯沃曼 David Silverman / 约...,
色，戒,8.7,949601,2007,"剧情, 爱情, 情色",李安 Ang Lee / 梁朝伟 Tony Leung Chiu Wai / 汤唯 Wei Tang / ...,假戏真情，爱欲深海
教父3,9.0,427065,1990,"剧情, 犯罪",弗朗西斯·福特·科波拉 Francis Ford Coppola / 阿尔·帕西诺 A...,
侧耳倾听,8.9,516249,1995,"剧情, 爱情, 动画",近藤喜文 Yoshifumi Kondo / 本名阳子 Youko Honna / 小林桂树 K...,
哪吒闹海,9.2,305019,1979,"冒险, 动画, 奇幻",王树忱 Shuchen Wang / 严定宪 Dingxian Yan / 梁正晖 Zhenghui ...,
请以你的名字呼唤我,8.8,815576,2017,"剧情, 爱情, 同性",卢卡·瓜达尼诺 Luca Guadagnino / 艾米·汉莫 Armie Hammer / ...,沉醉在电影的情感和视听氛围中无法自拔。
幸福终点站,8.8,635576,2004,"喜剧, 剧情, 爱情",史蒂文·斯皮尔伯格 Steven Spielberg / 汤姆·汉克斯 Tom Hanks...,有时候幸福需要等一等。
九品芝麻官,8.8,784834,1994,"剧情, 喜剧, 古装",王晶 Jing Wong / 周星驰 Stephen Chow / 吴孟达 Man Tat Ng / ...,
被解救的姜戈,8.8,684543,2012,"剧情, 动作, 西部, 冒险",昆汀·塔伦蒂诺 Quentin Tarantino / 杰米·福克斯 Jamie Foxx /...,热血沸腾，那个低俗、性感的无耻混蛋又来了。
釜山行,8.6,1338087,2016,"动作, 惊悚, 灾难",延尚昊 Sang-ho Yeon / 孔刘 Yoo Gong / 郑有美 Yu-mi Jung / 马...,揭露人性的丧尸题材力作。
小森林 冬春篇,9.0,417042,2015,剧情,森淳一 Junichi Mori / 桥本爱 Ai Hashimoto / 三浦贵大 Takahir...,尊敬他人，尊敬你生活的这片土地，明白孤独是人生的常态。
神偷奶爸,8.7,1038670,2010,"喜剧, 动画, 冒险",皮艾尔·柯芬 Pierre Coffin / 克里斯·雷纳德 Chris Renaud / ...,Mr. I Don't Care其实也有Care的时候。
喜宴,9.0,425673,1993,"剧情, 喜剧, 爱情, 同性, 家庭",李安 Ang Lee / 赵文瑄 Winston Chao / 归亚蕾 Ya-lei Kuei / 郎...,
萤火之森,8.8,604476,2011,"剧情, 爱情, 动画, 奇幻",大森贵弘 Takahiro Omori / 佐仓绫音 Ayane Sakura / 内山昂辉 K...,触不到的恋人。
告白,8.8,737424,2010,"剧情, 悬疑",中岛哲也 Tetsuya Nakashima / 松隆子 Takako Matsu / 冈田将生 ...,没有一人完全善，也没有一人完全恶。
玛丽和麦克斯,9.0,466191,2009,"剧情, 喜剧, 动画",亚当·艾略特 Adam Elliot / 托妮·科莱特 Toni Collette / 菲利...,你是我最好的朋友，你是我唯一的朋友 。
头号玩家,8.6,1503685,2018,"动作, 科幻, 冒险",史蒂文·斯皮尔伯格 Steven Spielberg / 泰伊·谢里丹 Tye Sheri...,写给影迷，动漫迷和游戏迷的一封情书。
七武士,9.3,232321,1954,"动作, 冒险, 剧情",黑泽明 Akira Kurosawa / 三船敏郎 Toshirô Mifune / 志村乔 ...,
模仿游戏,8.8,714943,2014,"剧情, 传记, 战争, 同性",莫滕·泰杜姆 Morten Tyldum / 本尼迪克特·康伯巴奇 Benedict C...,他给机器起名“克里斯托弗”，因为这是他初恋的名字。
大鱼,8.8,622132,2003,"剧情, 爱情, 奇幻, 冒险",蒂姆·波顿 Tim Burton / 伊万·麦克格雷格 Ewan McGregor / 阿...,
惊魂记,9.0,351184,1960,"悬疑, 惊悚, 恐怖",阿尔弗雷德·希区柯克 Alfred Hitchcock / 安东尼·博金斯 Antho...,
射雕英雄传之东成西就,8.7,712350,1993,"喜剧, 奇幻, 武侠, 古装",刘镇伟 Jeffrey Lau / 梁朝伟 Tony Leung Chiu Wai / 林青霞 Bri...,
血战钢锯岭,8.7,853593,2016,"剧情, 传记, 历史, 战争",梅尔·吉布森 Mel Gibson / 安德鲁·加菲尔德 Andrew Garfield /...,优秀的战争片不会美化战场，不会粉饰死亡，不会矮化敌人，不会无视常识，最重要的，不会宣扬战争。
你的名字。,8.5,1579655,2016,"剧情, 爱情, 动画",新海诚 Makoto Shinkai / 神木隆之介 Ryûnosuke Kamiki / 上...,穿越错位的时空，仰望陨落的星辰，你没留下你的名字，我却无法忘记那句“我爱你”。
心灵奇旅,8.7,1129435,2020,"动画, 奇幻, 音乐",彼特·道格特 Pete Docter / 凯普·鲍尔斯 Kemp Powers / 杰米·...,
我是山姆,9.0,373099,2001,"剧情, 家庭",杰茜·尼尔森 Jessie Nelson / Sean Penn / Dakota Fanning / Mi...,
背靠背，脸对脸,9.5,176110,1994,剧情,黄建新 Jianxin Huang / 杨亚洲 Yazhou Yang / 牛振华 Zhenhua N...,
阳光姐妹淘,8.8,634184,2011,"剧情, 喜剧",姜炯哲 Hyeong-Cheol Kang / 沈恩京 Eun-kyung Shim / 闵孝琳 Hy...,再多各自牛逼的时光，也比不上一起傻逼的岁月。
恐怖直播,8.7,722560,2013,"剧情, 犯罪, 悬疑",金秉祐 Byeong-woo Kim / 河正宇 Jung-woo Ha / 李璟荣 Kyeong-y...,恐怖分子的“秋菊打官司”。
黑客帝国3：矩阵革命,8.8,493309,2003,"动作, 科幻",,
三块广告牌,8.7,912703,2017,"剧情, 犯罪",马丁·麦克唐纳 Martin McDonagh / 弗兰西斯·麦克多蒙德 France...,怼天怼地，你走后，她与世界为敌。
小丑,8.7,1117878,2019,"剧情, 犯罪, 惊悚",托德·菲利普斯 Todd Phillips / 杰昆·菲尼克斯 Joaquin Phoeni...,
电锯惊魂,8.7,606635,2004,"悬疑, 惊悚, 恐怖",詹姆斯·温 James Wan / 雷·沃纳尔 Leigh Whannell / 加利·艾...,真相就在眼前。
谍影重重3,8.9,466398,2007,"动作, 悬疑, 惊悚",保罗·格林格拉斯 Paul Greengrass / 马特·达蒙 Matt Damon / ...,像吃了苏打饼一样干脆的电影。
达拉斯买家俱乐部,8.8,502021,2013,"剧情, 传记, 同性",让-马克·瓦雷 Jean-Marc Vallée / 马修·麦康纳 Matthew McCon...,Jared Leto的腿比女人还美！
无间道2,8.8,560624,2003,"剧情, 犯罪, 惊悚",刘伟强 Andrew Lau / 麦兆辉 Alan Mak / 陈冠希 Edison Chen / ...,
疯狂原始人,8.7,914516,2013,"喜剧, 动画, 冒险",,老少皆宜，这就是好莱坞动画的魅力。
末路狂花,9.0,338983,1991,"犯罪, 剧情, 惊悚",雷德利·斯科特 Ridley Scott / 吉娜·戴维斯 Geena Davis / 苏...,
高山下的花环,9.5,153930,0,未知,谢晋 Jin Xie / 吕晓禾 Xiaohe Lü / 唐国强 Guoqiang Tang / 何...,
绿里奇迹,8.9,384283,1999,"犯罪, 剧情, 奇幻, 悬疑",弗兰克·德拉邦特 Frank Darabont / 汤姆·汉克斯 Tom Hanks / ...,
爱在午夜降临前,8.9,467680,2013,"剧情, 爱情",理查德·林克莱特 Richard Linklater / 伊桑·霍克 Ethan Hawke ...,所谓爱情，就是话唠一路，都不会心生腻烦，彼此嫌弃。
海街日记,8.8,515738,2015,"剧情, 家庭",是枝裕和 Hirokazu Koreeda / 绫濑遥 Haruka Ayase / 长泽雅美 M...,是枝裕和的家庭习作。
疯狂的石头,8.6,917854,2006,"喜剧, 犯罪",宁浩 Hao Ning / 郭涛 Tao Guo / 刘桦 Hua Liu / 连晋 Teddy Lin,中国版《两杆大烟枪》。
风之谷,8.9,391030,1984,"动画, 奇幻, 冒险",宫崎骏 Hayao Miyazaki / 岛本须美 Sumi Shimamoto / 松田洋治 Y...,
雨中曲,9.1,264752,1952,"喜剧, 歌舞, 爱情",斯坦利·多南 Stanley Donen / 吉恩·凯利 Gene Kelly / 吉恩·...,
上帝之城,9.0,331064,2002,"犯罪, 剧情",,
2001太空漫游,8.9,389570,1968,"科幻, 惊悚, 冒险",斯坦利·库布里克 Stanley Kubrick / 凯尔·杜拉 Keir Dullea / ...,
心迷宫,8.7,610434,2014,"剧情, 犯罪, 悬疑",忻钰坤 Yukun Xin / 霍卫民 Weimin Huo / 王笑天 Xiaotian Wang ...,荒诞讽刺，千奇百巧，抽丝剥茧，百转千回。
英雄本色,8.6,601832,1986,"剧情, 动作, 犯罪",吴宇森 John Woo / 周润发 Yun-Fat Chow / 狄龙 Lung Ti / 张国...,
机器人之梦,9.1,402196,2023,"剧情, 动画, 音乐",巴勃罗·贝格尔 Pablo Berger / 伊万·拉班达 Ivan Labanda / 阿...,
记忆碎片,8.7,663826,2000,"犯罪, 剧情, 悬疑, 惊悚",克里斯托弗·诺兰 Christopher Nolan / 盖·皮尔斯 Guy Pearce /...,
纵横四海,8.8,470482,1991,"剧情, 喜剧, 动作, 犯罪",吴宇森 John Woo / 周润发 Yun-Fat Chow / 张国荣 Leslie Cheung...,
卢旺达饭店,8.9,364556,2004,"剧情, 传记, 历史, 战争",特瑞·乔治 Terry George / 唐·钱德尔 Don Cheadle / 苏菲·奥...,当这个世界闭上双眼，他却敞开了怀抱。
无敌破坏王,8.7,607053,2012,"喜剧, 动画, 奇幻, 冒险",瑞奇·莫尔 Rich Moore / 约翰·C·赖利 John C. Reilly / 萨拉...,迪士尼和皮克斯拿错剧本的产物。
小偷家族,8.7,889715,2018,"剧情, 犯罪, 家庭",是枝裕和 Hirokazu Koreeda / 中川雅也 Lily Franky / 安藤樱 Sa...,我们组成了家。
恐怖游轮,8.5,980220,2009,"科幻, 悬疑, 奇幻, 惊悚",克里斯托弗·史密斯 Christopher Smith / 梅利莎·乔治 Melissa ...,不要企图在重复中寻找已经失去的爱。
冰川时代,8.7,681148,2002,"喜剧, 动画, 冒险",,
牯岭街少年杀人事件,8.9,363857,1991,"剧情, 犯罪",杨德昌 Edward Yang / 张震 Chen Chang / 杨静怡 Lisa Yang / 张...,
东京教父,9.0,285435,2003,"剧情, 喜剧, 动画",今敏 Satoshi Kon / 江守彻 Toru Emori / 梅垣义明 Yoshiaki Ume...,
魔女宅急便,8.7,520127,1989,"动画, 奇幻, 冒险",宫崎骏 Hayao Miyazaki / 高山南 Minami Takayama / 佐久间玲 Re...,
芙蓉镇,9.3,186473,1987,"剧情, 爱情",谢晋 Jin Xie / 刘晓庆 Xiaoqing Liu / 姜文 Wen Jiang / 郑在石...,
岁月神偷,8.7,610148,2010,"剧情, 家庭",罗启锐 Alex Law / 吴君如 Sandra Ng / 任达华 Simon Yam / 钟绍...,岁月流逝，来日可追。
忠犬八公物语,9.2,216868,1987,剧情,神山征二郎 Seijirô Kôyama / 仲代达矢 Tatsuya Nakadai /...,
荒蛮故事,8.7,512386,2014,"剧情, 喜剧, 犯罪",达米安·斯兹弗隆 Damián Szifron / 达里奥·葛兰帝内提 Darío...,始于荒诞，止于更荒诞。
遗愿清单,8.7,532088,2007,"冒险, 喜剧, 剧情",罗伯·莱纳 Rob Reiner / 杰克·尼科尔森 Jack Nicholson / 摩根...,用剩余不多的时间，去燃烧整个生命。
大佛普拉斯,8.7,547720,2017,"剧情, 喜剧",黄信尧 Hsin-yao Huang / 庄益增 Yizeng Zhuang / 陈竹昇 Chu-sh...,人们可以登上月球，却永远无法探索人们内心的宇宙。
源代码,8.6,918506,2011,"科幻, 悬疑, 惊悚",邓肯·琼斯 Duncan Jones / 杰克·吉伦哈尔 Jake Gyllenhaal / ...,邓肯·琼斯继《月球》之后再度奉献出一部精彩绝伦的科幻佳作。
疯狂的麦克斯4：狂暴之路,8.7,613250,2015,"动作, 科幻, 冒险",乔治·米勒 George Miller / 汤姆·哈迪 Tom Hardy / 查理兹·塞...,“多么美好的一天！”轰轰轰砰咚，啪哒哒哒轰隆隆，磅~
你看起来好像很好吃,8.9,372560,2010,"剧情, 动画, 儿童",藤森雅也 Masaya Fujimori / 山口胜平 Kappei Yamaguchi / 爱河...,感情不分食草或者食肉。
贫民窟的百万富翁,8.6,803072,2008,"剧情, 爱情",丹尼·鲍尔 Danny Boyle / 洛芙琳·坦丹 Loveleen Tandan / 戴夫...,上帝之城+猜火车+阿甘正传+开心辞典=山寨富翁
花束般的恋爱,8.6,812558,2021,"剧情, 爱情",土井裕泰 Nobuhiro Doi / 菅田将晖 Masaki Suda / 有村架纯 Kasu...,
可可西里,8.9,342837,2004,"剧情, 犯罪",陆川 Chuan Lu / 多布杰 Duobujie / 张磊 Lei Zhang / 亓亮 Qi L...,坚硬的信仰。
城市之光,9.3,170650,1931,"喜剧, 剧情, 爱情",查理·卓别林 Charles Chaplin / 查理·卓别林 Charles Chaplin ...,
白日梦想家,8.6,634960,2013,"剧情, 喜剧, 冒险",本·斯蒂勒 Ben Stiller / 本·斯蒂勒 Ben Stiller / 克里斯汀·...,
波西米亚狂想曲,8.6,684128,2018,"剧情, 传记, 同性, 音乐",布莱恩·辛格 Bryan Singer / 拉米·马雷克 Rami Malek / 本·哈...,
爆裂鼓手,8.6,684565,2014,"剧情, 音乐",达米恩·查泽雷 Damien Chazelle / 迈尔斯·特勒 Miles Teller /...,这个世界从不善待努力的人，努力了也不一定会成功，但是知道自己在努力，就是活下去的动力。
东邪西毒,8.6,631578,1994,"剧情, 动作, 爱情, 武侠, 古装",王家卫 Kar Wai Wong / 张国荣 Leslie Cheung / 林青霞 Brigitte...,
青蛇,8.6,596859,1993,"剧情, 爱情, 奇幻, 古装",徐克 Hark Tsui / 张曼玉 Maggie Cheung / 王祖贤 Joey Wang / ...,
哈利·波特与死亡圣器(上),8.6,687748,2010,"奇幻, 冒险",大卫·叶茨 David Yates / 丹尼尔·雷德克里夫 Daniel Radcliffe...,最忠于原著的一部。
无耻混蛋,8.7,554856,2009,"剧情, 犯罪",昆汀·塔伦蒂诺 Quentin Tarantino / 布拉德·皮特 Brad Pitt / ...,昆汀同学越来越变态了，比北野武还杜琪峰。
终结者2：审判日,8.8,381483,1991,"动作, 科幻",詹姆斯·卡梅隆 James Cameron / 阿诺·施瓦辛格 Arnold Schwarz...,
黑天鹅,8.6,841982,2010,"剧情, 惊悚",达伦·阿罗诺夫斯基 Darren Aronofsky / 娜塔莉·波特曼 Natalie...,黑暗之美。
大红灯笼高高挂,8.8,364770,1991,剧情,张艺谋 Yimou Zhang / 巩俐 Li Gong / 马精武 Jingwu Ma / 何赛...,
初恋这件小事,8.5,1046595,2010,"剧情, 喜剧, 爱情",,黑小鸭速效美白记。
新龙门客栈,8.7,504272,1992,"动作, 爱情, 武侠, 古装",李惠民 Raymond Lee / 张曼玉 Maggie Cheung / 林青霞 Brigitte ...,
人工智能,8.7,498020,2001,"剧情, 科幻",史蒂文·斯皮尔伯格 Steven Spielberg / 海利·乔·奥斯蒙 Haley...,
雨人,8.7,440471,1988,剧情,巴瑞·莱文森 Barry Levinson / 达斯汀·霍夫曼 Dustin Hoffman ...,
崖上的波妞,8.6,570244,2008,"动画, 奇幻, 冒险",宫崎骏 Hayao Miyazaki / 奈良柚莉爱 Yuria Nara / 土井洋辉 Hir...,
千钧一发,8.8,346005,1997,"剧情, 科幻, 惊悚",安德鲁·尼科尔 Andrew Niccol / 伊桑·霍克 Ethan Hawke / 乌玛...,
虎口脱险,8.9,292655,1966,"喜剧, 战争",杰拉尔·乌里 Gérard Oury / 路易·德·菲耐斯 Louis de Funès...,
罗生门,8.8,355176,1950,"剧情, 犯罪, 悬疑",黑泽明 Akira Kurosawa / 三船敏郎 Toshirô Mifune / 京町子 ...,
哈利·波特与凤凰社,8.6,687250,2007,"奇幻, 冒险",大卫·叶茨 David Yates / 丹尼尔·雷德克里夫 Daniel Radcliffe...,
真爱至上,8.5,800345,2003,"喜剧, 剧情, 爱情",理查德·柯蒂斯 Richard Curtis / 休·格兰特 Hugh Grant / 连姆...,
彗星来的那一夜,8.6,676248,2013,"科幻, 悬疑, 惊悚",詹姆斯·沃德·布柯特 James Ward Byrkit / 艾米丽·芭尔多尼 Em...,小成本大魅力。
恋恋笔记本,8.5,742578,2004,"剧情, 爱情",尼克·卡索维茨 Nick Cassavetes / 瑞恩·高斯林 Ryan Gosling /...,爱情没有那么多借口，如果不能圆满，只能说明爱的不够。
海边的曼彻斯特,8.6,644928,2016,"剧情, 家庭",肯尼斯·罗纳根 Kenneth Lonergan / 卡西·阿弗莱克 Casey Affle...,我们都有权利不与自己的过去和解。
火星救援,8.5,824341,2015,"剧情, 科幻, 冒险",雷德利·斯科特 Ridley Scott / 马特·达蒙 Matt Damon / 杰西卡...,
黑客帝国2：重装上阵,8.7,451680,2003,"动作, 科幻",,
步履不停,8.8,323217,2008,"剧情, 家庭",是枝裕和 Hirokazu Koreeda / 阿部宽 Hiroshi Abe / 夏川结衣 Yu...,日本的家庭电影已经是世界巅峰了，步履不停是巅峰中的佳作。
奇迹男孩,8.6,597204,2017,"剧情, 儿童, 家庭",斯蒂芬·卓博斯基 Stephen Chbosky / 雅各布·特伦布莱 Jacob Tr...,世界不完美，爱会有奇迹。
千年女优,8.8,314614,2001,"动画, 剧情, 爱情",今敏 Satoshi Kon / 庄司美代子 Miyoko Shôji / 小山茉美 Mam...,
战争之王,8.7,412081,2005,"剧情, 犯罪",安德鲁·尼科尔 Andrew Niccol / 尼古拉斯·凯奇 Nicolas Cage /...,做一颗让别人需要你的棋子。
冰雪奇缘,8.5,816772,2013,"喜剧, 动画, 奇幻, 歌舞",克里斯·巴克 Chris Buck / 珍妮弗·李 Jennifer Lee / 克里斯汀...,
萤火虫之墓,8.7,436778,1988,"动画, 剧情, 战争",高畑勋 Isao Takahata / 辰己努 / 白石绫乃 / 志乃原良子,
谍影重重2,8.7,396047,2004,"动作, 悬疑, 惊悚",保罗·格林格拉斯 Paul Greengrass / 马特·达蒙 Matt Damon / ...,谁说王家卫镜头很晃？
蜘蛛侠：平行宇宙,8.6,750807,2018,"动作, 科幻, 动画, 冒险",,
攻壳机动队,9.0,214526,1995,"动作, 科幻, 动画",押井守 Mamoru Oshii / 田中敦子 Atsuko Tanaka / 大冢明夫 Akio...,
血钻,8.7,418976,2006,"剧情, 惊悚, 冒险",爱德华·兹威克 Edward Zwick / 莱昂纳多·迪卡普里奥 Leonardo ...,每个美丽事物背后都是滴血的现实。
魂断蓝桥,8.8,308287,1940,"剧情, 爱情, 战争",茂文·勒鲁瓦 Mervyn LeRoy / 费雯·丽 Vivien Leigh / 罗伯特·...,
隐藏人物,8.9,267752,2016,"剧情, 传记, 历史",特奥多尔·梅尔菲 Theodore Melfi / 塔拉吉·P·汉森 Taraji P. ...,
房间,8.7,397817,2015,"剧情, 家庭",伦尼·阿伯拉罕森 Lenny Abrahamson / 布丽·拉尔森 Brie Larson...,被偷走的岁月，被伤害的生命，被禁锢的灵魂，终将被希望和善意救赎。
小姐,8.5,565366,2016,"剧情, 悬疑, 情色, 同性",朴赞郁 Chan-wook Park / 金敏喜 Min-hee Kim / 金泰梨 Tae-ri K...,
